,mutation
0,ASXL1 c.1900_1922del
1,ASXL1 c.2329G>T
2,ASXL1 c.2419G>A
3,ASXL1 c.2773C>T
4,ATRX c.6524T>C
5,BCOR c.1163T>G
6,BCOR c.3503-51A>C
7,BCORL1 c.1261T>C
8,CBL c.1139T>C
9,DDX41 c.138+20G>A
10,DNMT3A c.1031T>A
11,DNMT3A c.1056_1057del
12,DNMT3A c.1122+1G>A
13,DNMT3A c.1156del
14,DNMT3A c.1429+1G>C
15,DNMT3A c.1510dup
16,DNMT3A c.1554+1G>A
17,DNMT3A c.1601del
18,DNMT3A c.1605del
19,DNMT3A c.1639C>T
20,DNMT3A c.1648G>A
21,DNMT3A c.1677C>A
22,DNMT3A c.1852-1G>A
23,DNMT3A c.1878_1884del
24,DNMT3A c.1904G>A
25,DNMT3A c.1969G>A
26,DNMT3A c.2016_2029del
27,DNMT3A c.2045dup
28,DNMT3A c.2060T>A
29,DNMT3A c.2083-2A>G
30,DNMT3A c.2173+1G>A
31,DNMT3A c.2174del
32,DNMT3A c.2203T>A
33,DNMT3A c.2204A>G
34,DNMT3A c.2206C>T
35,DNMT3A c.2228C>T
36,DNMT3A c.2230A>T
37,DNMT3A c.2256_2257del
38,DNMT3A c.2306T>G
39,DNMT3A c.2312G>A
40,DNMT3A c.2322+1G>A
41,DNMT3A c.2330C>G
42,DNMT3A c.2478+1G>T
43,DNMT3A c.2578T>C
44,DNMT3A c.2645G>A
45,DNMT3A c.2727T>A
46,DNMT3A c.770del
47,DNMT3A c.924_925dup
48,DNMT3A c.929T>C
49,DNMT3A c.976C>G
50,ETV6 c.34-4A>G
51,EZH2 c.1328C>A
52,GATA2 c.1186C>T
53,JAK2 c.1849G>T
54,KDM6A c.1329+457G>T
55,KDM6A c.51T>G
56,KRAS c.436G>C
57,LUC7L2 c.157A>G
58,LUC7L2 c.279del
59,LUC7L2 c.28A>G
60,NF1 c.2935A>C
61,NF1 c.3589G>T
62,NRAS c.-16T>C
63,PPM1D c.1375G>T
64,PPM1D c.1602del
65,PTEN c.834C>G
66,PTPN11 c.779A>G
67,RAD21 c.1199A>C
68,RAD21 c.419_421dup
69,RAD21 c.860T>C
70,SF3B1 c.2098A>G
71,SH2B3 c.331G>C
72,SH2B3 c.371T>A
73,SH2B3 c.380C>G
74,SRSF2 c.330C>G
75,SRSF2 c.361A>G
76,STAG2 c.2725C>T
77,STAG2 c.463-1G>A
78,TET2 c.1102del
79,TET2 c.1505del
80,TET2 c.1648C>T
81,TET2 c.1693dup
82,TET2 c.1694T>C
83,TET2 c.1742G>A
84,TET2 c.2243del
85,TET2 c.2255_2261del
86,TET2 c.2339_2340del
87,TET2 c.2552del
88,TET2 c.2746C>T
89,TET2 c.457dup
90,TET2 c.705del
91,TET2 c.936dup
92,TET2 c.961C>T
93,TP53 c.711G>A
94,TP53 c.757_758dup
95,TP53 c.818G>A
96,TP53 c.994-5T>C
97,U2AF1 c.470A>G
98,U2AF2 c.1421T>C
99,U2AF2 c.212A>G
100,U2AF2 c.959T>C
101,ZRSR2 c.1311_1312inv
102,ZRSR2 c.524A>G
